Alternative,Attr1,Attr2,Attr3
A,9.475496786984442,71.05517842923291,4
B,10.263972051721417,82.02138273697346,6
C,9.299715549810895,74.12532074027695,1
D,13.496046072427378,88.4254883537069,3
E,8.713364104649663,71.77489186101593,7
