Alternative,Attr1,Attr2,Attr3,Attr4
A,9.475496786984442,71.05517842923291,4,67.12496932595968
B,10.263972051721417,82.02138273697346,6,50.81113290041685
C,9.299715549810895,74.12532074027695,1,67.06589448265731
D,13.496046072427378,88.4254883537069,3,61.35707975830883
E,8.713364104649663,71.77489186101593,7,67.72499328944832
